{"labels": [0], "scores": [0.9824997186660767], "bboxes": [[52.877723693847656, 149.5433349609375, 446.5608215332031, 292.79736328125]], "masks": [{"size": [375, 500], "counts": "\\ed07310N10_19c6^2mGQNd7S3O1N1000000000001O0000000000000001O0000002M2O2N4L2N1O001O0O2OO10000000001O000000000000000000000001N100000000000001O00O1000000000000O1000000000000O101O0O2O000O2M2M301N1O101O00001N10000000001O0000000000000O2N1000000O1000000000000O100000000000000000000000O1000001O000000000000000000000000000000000000000000000O1000001O01O0000000001O00001O0000000000001O00000000000000000O100000000000O100000000000000000000000000000000001O000O10000000000001O0000000000000000000000000000000001O0O100000000000O10000000001O0O1000000000000000000000O1000000000000000001O0001O0000000000000001O0000000000000000000000000000000000000000000000000000000000000000O100000000000000000000O10000O100O101O0O1000000000000000000000000000O1000000000000000000001O0O1000001O0000000000O10000O1000000O10000O2O0O100O2N7H=@fcc0"}]}