{"labels": [14], "scores": [0.8602209687232971], "bboxes": [[74.65731811523438, 83.32760620117188, 320.61279296875, 368.46612548828125]], "masks": [{"size": [375, 500], "counts": "kok0o04_O6L0c2_5TMbJZ6Q3Q2F:O0000000000000O1001O0001O01O1O1O1OO10001N10000O100001O001O001O001O0000000000O10000000000000000000000000000000000O10000000000O1000000O1000000000000000000000000001O1O001O001O000000000000000000000000001O00000000000000000000000000000000000000000000000000000000000000000000O1000000000000000000O10000000000000000000000000000000000000000000000000000000000O1001O0000000000000000000000000000000000000000000000000000O100O10000O100O100001O0000000000O1000000O10O1000000000000000000000002M8H9cIjLh3[mQ2"}]}