{"labels": [7], "scores": [0.8435289859771729], "bboxes": [[186.90603637695312, 76.89762115478516, 380.6959228515625, 347.0]], "masks": [{"size": [347, 500], "counts": "_^o1j7k2>G2N2O00000000000000001O0000000000000000000000000000000000000000000000000000000000000000000000000000000000000001O000000000000000000000000000000000000000000000000000000001OO100000000000000001O000000000000000000000000001O001O001O00O100000000001O001O00001O00000000000000000000O1000000000000000000000000001O00001O00000000000000001O001O001O1O001O1O00001O001O1O2N1O1O2N2N00000O2O001O3M7He0[ORaX1"}]}