{"labels": [1, 14], "scores": [0.9858060479164124, 0.8588523268699646], "bboxes": [[252.04087829589844, 206.65829467773438, 394.0238342285156, 326.9297790527344], [280.9247131347656, 159.51834106445312, 361.1894836425781, 278.47589111328125]], "masks": [{"size": [378, 500], "counts": "bYm2R1]:e0WO?K5A?I7K5N2K6M2O1M3O1O1O1000000000000000000000000O11O0000000000000000000000001O1O3MO100O100002N00001O00000000000000000000O10000000O1000N3M200O10000000O10000000000000O100000000000000000000000000000000000000000000000000000000000000000000000000000000000000000000000000000000001O0O8CcmV1"}, {"size": [378, 500], "counts": "^lW3`2W9;H1O2cGSMi7o2THSMl7n2jGPM31T8T391O1bGiLW8W3iGjLV8W3hGjLX8V3hGjLY8[30001O1OO100O11O1O1O00001O00000000000000001O0001O000000O100001O00O10000000000000000000000O100000000000O1000000000000O2O0000O10lNkGZNN@W8o1THYNMEP8o1_HoMGNl7Q2b1[OWUc1"}]}