{"labels": [15, 7, 2, 15, 17], "scores": [0.8150027394294739, 0.44044166803359985, 0.3142528533935547, 0.16034314036369324, 0.056524816900491714], "bboxes": [[59.15852355957031, 36.66448974609375, 1676.8963623046875, 1139.7225341796875], [134.92799377441406, 132.65333557128906, 1679.844970703125, 1116.3634033203125], [210.4752960205078, 81.21876525878906, 1706.0, 1170.4205322265625], [56.651893615722656, 58.07329177856445, 1041.205078125, 946.5736083984375], [0.0, 70.66716003417969, 1706.0, 1235.9345703125]]}