{"labels": [14, 11, 10, 17, 1, 14, 14], "scores": [0.8655384182929993, 0.6558160185813904, 0.5508618354797363, 0.36682137846946716, 0.20468512177467346, 0.20257827639579773, 0.16915175318717957], "bboxes": [[501.1020812988281, 132.77438354492188, 816.569091796875, 456.17681884765625], [232.0815887451172, 195.9303436279297, 554.4530029296875, 436.9410095214844], [37.40113830566406, 326.78955078125, 826.5243530273438, 628.5581665039062], [0.0, 220.468994140625, 694.8656616210938, 583.7488403320312], [106.21990203857422, 92.16387939453125, 201.201416015625, 165.68690490722656], [10.04470157623291, 144.5112762451172, 681.8248291015625, 514.0707397460938], [544.2562866210938, 162.32237243652344, 749.8326416015625, 406.08355712890625]]}