{"labels": [14, 7, 14, 17, 14, 8], "scores": [0.9833516478538513, 0.7813645601272583, 0.4824681878089905, 0.37052810192108154, 0.21568726003170013, 0.15097913146018982], "bboxes": [[240.10348510742188, 429.0908508300781, 1232.76513671875, 1687.504638671875], [210.57455444335938, 847.7531127929688, 1207.8973388671875, 1662.480224609375], [491.94549560546875, 354.438232421875, 1115.56640625, 1135.680419921875], [65.7716064453125, 824.7964477539062, 1280.0, 1668.5048828125], [148.30841064453125, 711.1865234375, 795.5580444335938, 1645.4442138671875], [44.58878707885742, 844.901123046875, 1260.4334716796875, 1695.659912109375]]}