{"labels": [6, 14], "scores": [0.31808415055274963, 0.07514258474111557], "bboxes": [[171.59832763671875, 133.00271606445312, 372.78045654296875, 321.9708251953125], [186.2498016357422, 113.62789154052734, 359.59814453125, 358.78692626953125]]}