{"labels": [2, 7, 15, 2, 15, 15, 2, 7, 14, 15, 2, 15, 2, 15, 15, 2, 2, 7, 15, 4, 8, 14, 15, 17, 2, 7, 15, 2, 15, 2, 15, 15, 2, 4, 8, 14, 15, 15, 2, 3, 4, 7, 8, 12, 14, 15, 16, 8, 10, 15, 17, 19, 4, 8, 14, 15, 19, 7, 8, 14, 17, 19, 2, 15, 15, 2, 15, 14, 15, 17, 2, 7, 15, 3, 8, 10, 14, 15, 17, 19, 2, 15, 2, 2, 15, 2, 7, 15, 2, 7, 15, 15, 15, 2, 14, 15, 15, 2, 15, 3], "scores": [0.04341675341129303, 0.015464822761714458, 0.03658341243863106, 0.023479368537664413, 0.014620114117860794, 0.03233851492404938, 0.03553508222103119, 0.019781164824962616, 0.01458938978612423, 0.05286449193954468, 0.016959547996520996, 0.027384642511606216, 0.016942251473665237, 0.03728948533535004, 0.014537286944687366, 0.013287508860230446, 0.021329130977392197, 0.014275899156928062, 0.026704007759690285, 0.018405592069029808, 0.09789539873600006, 0.02300294116139412, 0.025943970307707787, 0.0170070119202137, 0.030625740066170692, 0.015062544494867325, 0.01994422636926174, 0.013407179154455662, 0.014559313654899597, 0.013796526938676834, 0.02970253862440586, 0.013744723983108997, 0.03825996071100235, 0.016767116263508797, 0.027815107256174088, 0.024161990731954575, 0.08576856553554535, 0.019619423896074295, 0.5356753468513489, 0.01385353971272707, 0.04555628448724747, 0.035113684833049774, 0.06413844972848892, 0.02667037583887577, 0.059044186025857925, 0.3533478379249573, 0.03357936814427376, 0.02152070216834545, 0.019154157489538193, 0.01649988628923893, 0.015336373820900917, 0.02751324512064457, 0.015314959920942783, 0.044555895030498505, 0.01828921027481556, 0.030001051723957062, 0.01809038780629635, 0.018666066229343414, 0.014409825205802917, 0.02228396385908127, 0.01739409752190113, 0.015645382925868034, 0.015057048760354519, 0.020189786329865456, 0.014945575967431068, 0.02102232165634632, 0.013302247039973736, 0.01857776753604412, 0.02287714183330536, 0.018695969134569168, 0.01595061644911766, 0.015066053718328476, 0.01792692020535469, 0.015491563826799393, 0.03279620409011841, 0.014252908527851105, 0.013903934508562088, 0.06261243671178818, 0.026178086176514626, 0.017504775896668434, 0.025863580405712128, 0.018999114632606506, 0.015814103186130524, 0.01373939961194992, 0.016542112454771996, 0.02932979352772236, 0.01629074290394783, 0.014417162165045738, 0.0532396025955677, 0.023721883073449135, 0.03305954486131668, 0.016159074380993843, 0.016903212293982506, 0.01878931373357773, 0.013631019741296768, 0.036271966993808746, 0.01729038543999195, 0.022044504061341286, 0.016860416159033775, 0.013232848607003689], "bboxes": [[398.32318115234375, 27.957780838012695, 1466.6527099609375, 1152.4962158203125], [398.32318115234375, 27.957780838012695, 1466.6527099609375, 1152.4962158203125], [398.32318115234375, 27.957780838012695, 1466.6527099609375, 1152.4962158203125], [288.3520812988281, 218.82496643066406, 1402.1644287109375, 1050.50390625], [288.3520812988281, 218.82496643066406, 1402.1644287109375, 1050.50390625], [654.2559814453125, 426.5198974609375, 1435.7210693359375, 1279.073974609375], [18.798349380493164, -2.771026849746704, 1435.799560546875, 1117.780029296875], [18.798349380493164, -2.771026849746704, 1435.799560546875, 1117.780029296875], [18.798349380493164, -2.771026849746704, 1435.799560546875, 1117.780029296875], [18.798349380493164, -2.771026849746704, 1435.799560546875, 1117.780029296875], [388.667724609375, 172.7867889404297, 1609.3912353515625, 1260.1314697265625], [388.667724609375, 172.7867889404297, 1609.3912353515625, 1260.1314697265625], [10.315888404846191, 378.2514953613281, 1060.9847412109375, 1278.6446533203125], [10.315888404846191, 378.2514953613281, 1060.9847412109375, 1278.6446533203125], [7.577482223510742, 43.77246856689453, 920.3200073242188, 1257.50390625], [326.5517578125, 617.8348388671875, 712.2028198242188, 1155.0872802734375], [0.3876667618751526, 9.657537460327148, 1536.4949951171875, 992.4857788085938], [0.3876667618751526, 9.657537460327148, 1536.4949951171875, 992.4857788085938], [0.3876667618751526, 9.657537460327148, 1536.4949951171875, 992.4857788085938], [1329.972900390625, 1128.7381591796875, 1699.775634765625, 1278.831298828125], [1329.972900390625, 1128.7381591796875, 1699.775634765625, 1278.831298828125], [1329.972900390625, 1128.7381591796875, 1699.775634765625, 1278.831298828125], [1329.972900390625, 1128.7381591796875, 1699.775634765625, 1278.831298828125], [1329.972900390625, 1128.7381591796875, 1699.775634765625, 1278.831298828125], [486.63409423828125, 35.50666427612305, 1403.5826416015625, 876.4237670898438], [486.63409423828125, 35.50666427612305, 1403.5826416015625, 876.4237670898438], [486.63409423828125, 35.50666427612305, 1403.5826416015625, 876.4237670898438], [241.48818969726562, 201.28115844726562, 1422.92822265625, 1179.2965087890625], [241.48818969726562, 201.28115844726562, 1422.92822265625, 1179.2965087890625], [3.4223484992980957, 317.4281921386719, 1062.70947265625, 1282.617431640625], [3.4223484992980957, 317.4281921386719, 1062.70947265625, 1282.617431640625], [977.1985473632812, 271.59686279296875, 1662.2322998046875, 773.593017578125], [18.55369758605957, -0.41442209482192993, 945.677734375, 1125.7548828125], [18.55369758605957, -0.41442209482192993, 945.677734375, 1125.7548828125], [18.55369758605957, -0.41442209482192993, 945.677734375, 1125.7548828125], [18.55369758605957, -0.41442209482192993, 945.677734375, 1125.7548828125], [18.55369758605957, -0.41442209482192993, 945.677734375, 1125.7548828125], [627.3997802734375, 439.5845031738281, 1640.788818359375, 1290.00830078125], [0.553809642791748, 17.802194595336914, 1642.66796875, 1252.1790771484375], [0.553809642791748, 17.802194595336914, 1642.66796875, 1252.1790771484375], [0.553809642791748, 17.802194595336914, 1642.66796875, 1252.1790771484375], [0.553809642791748, 17.802194595336914, 1642.66796875, 1252.1790771484375], [0.553809642791748, 17.802194595336914, 1642.66796875, 1252.1790771484375], [0.553809642791748, 17.802194595336914, 1642.66796875, 1252.1790771484375], [0.553809642791748, 17.802194595336914, 1642.66796875, 1252.1790771484375], [0.553809642791748, 17.802194595336914, 1642.66796875, 1252.1790771484375], [0.553809642791748, 17.802194595336914, 1642.66796875, 1252.1790771484375], [1050.051513671875, 735.780517578125, 1706.26025390625, 1290.1441650390625], [1050.051513671875, 735.780517578125, 1706.26025390625, 1290.1441650390625], [1050.051513671875, 735.780517578125, 1706.26025390625, 1290.1441650390625], [1050.051513671875, 735.780517578125, 1706.26025390625, 1290.1441650390625], [1050.051513671875, 735.780517578125, 1706.26025390625, 1290.1441650390625], [988.2779541015625, 847.619140625, 1706.7164306640625, 1285.992431640625], [988.2779541015625, 847.619140625, 1706.7164306640625, 1285.992431640625], [988.2779541015625, 847.619140625, 1706.7164306640625, 1285.992431640625], [988.2779541015625, 847.619140625, 1706.7164306640625, 1285.992431640625], [988.2779541015625, 847.619140625, 1706.7164306640625, 1285.992431640625], [1137.6285400390625, 605.3493041992188, 1691.905517578125, 1294.7589111328125], [1137.6285400390625, 605.3493041992188, 1691.905517578125, 1294.7589111328125], [1137.6285400390625, 605.3493041992188, 1691.905517578125, 1294.7589111328125], [1137.6285400390625, 605.3493041992188, 1691.905517578125, 1294.7589111328125], [1137.6285400390625, 605.3493041992188, 1691.905517578125, 1294.7589111328125], [16.237844467163086, 263.819091796875, 1607.1513671875, 1077.8194580078125], [16.237844467163086, 263.819091796875, 1607.1513671875, 1077.8194580078125], [-6.63066291809082, 231.2347412109375, 707.3946533203125, 1043.6971435546875], [354.5585632324219, 279.4984130859375, 1421.7508544921875, 816.654541015625], [354.5585632324219, 279.4984130859375, 1421.7508544921875, 816.654541015625], [639.1012573242188, 543.2081909179688, 1650.7386474609375, 1279.4678955078125], [639.1012573242188, 543.2081909179688, 1650.7386474609375, 1279.4678955078125], [639.1012573242188, 543.2081909179688, 1650.7386474609375, 