{"labels": [14, 11, 14, 11, 7, 11, 11, 14, 8, 14, 17, 14, 8, 10, 14, 17, 19, 16, 14, 7, 9, 11, 16, 14, 17, 0, 2, 7, 8, 9, 11, 14, 16, 17, 11, 11, 14, 2, 7, 9, 11, 16, 11, 14, 16, 8, 14, 8, 17, 14, 14, 7, 11, 14, 17, 11, 7, 11, 14, 16, 8, 7, 11, 16, 8, 15, 14, 11, 14, 2, 7, 9, 11, 16, 11, 14, 11, 14, 11, 7, 11, 14, 16, 7, 16, 2, 7, 9, 11, 14, 16, 17, 16, 8, 10, 17, 19, 14, 14, 14], "scores": [0.12515214085578918, 0.17442010343074799, 0.07013446092605591, 0.05194472149014473, 0.031391169875860214, 0.03305967152118683, 0.07117945700883865, 0.03879833593964577, 0.1110355406999588, 0.08124448359012604, 0.18078306317329407, 0.08059080690145493, 0.12938669323921204, 0.04306075721979141, 0.061746131628751755, 0.06319843977689743, 0.04282153770327568, 0.035439666360616684, 0.032719071954488754, 0.04039836674928665, 0.033654648810625076, 0.2922843098640442, 0.034394945949316025, 0.07748335599899292, 0.03605422377586365, 0.031179238110780716, 0.04796027019619942, 0.13509589433670044, 0.05265464261174202, 0.06955600529909134, 0.44167360663414, 0.09135542064905167, 0.07816741615533829, 0.07736650109291077, 0.03181806579232216, 0.07079668343067169, 0.030925124883651733, 0.037581123411655426, 0.062158241868019104, 0.06723406910896301, 0.6985659599304199, 0.05631918087601662, 0.039832863956689835, 0.03198999911546707, 0.060824163258075714, 0.03739890456199646, 0.06864714622497559, 0.045643508434295654, 0.0567060150206089, 0.09134861826896667, 0.04279074817895889, 0.04197508096694946, 0.04355314001441002, 0.04534432664513588, 0.06418314576148987, 0.09986990690231323, 0.03897078335285187, 0.08089406788349152, 0.03231516107916832, 0.03196987882256508, 0.0333065502345562, 0.03733763098716736, 0.058419134467840195, 0.055934302508831024, 0.041725043207407, 0.036838144063949585, 0.033600691705942154, 0.03242756053805351, 0.03515823557972908, 0.030414972454309464, 0.04940976947546005, 0.050285737961530685, 0.08675936609506607, 0.141744926571846, 0.039288293570280075, 0.03986376151442528, 0.03971656784415245, 0.056357741355895996, 0.09059307724237442, 0.04804886132478714, 0.10490889847278595, 0.04707469791173935, 0.036328721791505814, 0.03379788249731064, 0.040806904435157776, 0.03624344989657402, 0.07266661524772644, 0.043011438101530075, 0.25660449266433716, 0.045453764498233795, 0.05786453187465668, 0.03545817360281944, 0.03262605518102646, 0.07719124853610992, 0.15824201703071594, 0.11355873197317123, 0.030648667365312576, 0.043502796441316605, 0.04964300990104675, 0.03017846867442131], "bboxes": [[629.585205078125, 179.82814025878906, 767.187744140625, 394.1930847167969], [107.68262481689453, 87.0049819946289, 218.163330078125, 160.23541259765625], [424.7879638671875, 189.2049102783203, 731.686279296875, 291.1680908203125], [106.57044219970703, 84.19353485107422, 216.92164611816406, 177.58042907714844], [313.4909973144531, 204.9967498779297, 536.5773315429688, 363.8185119628906], [313.4909973144531, 204.9967498779297, 536.5773315429688, 363.8185119628906], [384.0812072753906, 199.5029754638672, 533.840576171875, 423.8134460449219], [384.0812072753906, 199.5029754638672, 533.840576171875, 423.8134460449219], [58.99286651611328, 199.30186462402344, 545.24072265625, 501.4574890136719], [58.99286651611328, 199.30186462402344, 545.24072265625, 501.4574890136719], [58.99286651611328, 199.30186462402344, 545.24072265625, 501.4574890136719], [549.7883911132812, 185.64877319335938, 766.0625610351562, 407.02880859375], [6.254128456115723, 277.673828125, 479.56719970703125, 622.4119873046875], [6.254128456115723, 277.673828125, 479.56719970703125, 622.4119873046875], [6.254128456115723, 277.673828125, 479.56719970703125, 622.4119873046875], [6.254128456115723, 277.673828125, 479.56719970703125, 622.4119873046875], [6.254128456115723, 277.673828125, 479.56719970703125, 622.4119873046875], [3.6343319416046143, 88.72421264648438, 218.85086059570312, 206.90960693359375], [630.6456298828125, 184.1110382080078, 735.218994140625, 389.1479797363281], [111.0537109375, 88.26678466796875, 215.54457092285156, 158.3961181640625], [111.0537109375, 88.26678466796875, 215.54457092285156, 158.3961181640625], [111.0537109375, 88.26678466796875, 215.54457092285156, 158.3961181640625], [111.0537109375, 88.26678466796875, 215.54457092285156, 158.3961181640625], [348.47113037109375, 191.48158264160156, 810.9500732421875, 370.6437683105469], [348.47113037109375, 191.48158264160156, 810.9500732421875, 370.6437683105469], [327.9447937011719, 198.5231475830078, 534.325439453125, 367.26763916015625], [327.9447937011719, 198.5231475830078, 534.325439453125, 367.26763916015625], [327.9447937011719, 198.5231475830078, 534.325439453125, 367.26763916015625], [327.9447937011719, 198.5231475830078, 534.325439453125, 367.26763916015625], [327.9447937011719, 198.5231475830078, 534.325439453125, 367.26763916015625], [327.9447937011719, 198.5231475830078, 534.325439453125, 367.26763916015625], [327.9447937011719, 198.5231475830078, 534.325439453125, 367.26763916015625], [327.9447937011719, 198.5231475830078, 534.325439453125, 367.26763916015625], [327.9447937011719, 198.5231475830078, 534.325439453125, 367.26763916015625], [300.4466552734375, 204.2227325439453, 538.48095703125, 363.6615905761719], [107.17716217041016, 86.16983032226562, 216.42822265625, 160.56143188476562], [629.3521118164062, 180.84243774414062, 733.4393310546875, 381.7796325683594], [107.64002990722656, 85.78863525390625, 217.67123413085938, 158.57083129882812], [107.64002990722656, 85.78863525390625, 217.67123413085938, 158.57083129882812], [107.64002990722656, 85.78863525390625, 217.67123413085938, 158.57083129882812], [107.64002990722656, 85.78863525390625, 217.67123413085938, 158.57083129882812], [107.64002990722656, 85.78863525390625, 217.67123413085938, 158.57083129882812], [106.71819305419922, 89.34113311767578, 217.43223571777344, 157.7083740234375], [41.94341278076172, 225.8532257080078, 269.9986572265625, 510.7117614746094], [2.101907253265381, 84.43822479248047, 215.01303100585938, 307.8055114746094], [185.06134033203125, 399.5950012207031, 603.282958984375, 591.39697265625], [628.4680786132812, 184.9512176513672, 783.4351196289062, 326.68115234375], [-1.1339620351791382, 6.520350456237793, 644.174560546875, 599.2686767578125], [-1.1339620351791382, 6.520350456237793, 644.174560546875, 599.2686767578125], [629.083984375, 181.98086547851562, 861.5441284179688, 399.22869873046875], [630.5894775390625, 183.6872100830078, 858.6005249023438, 401.4048767089844], [108.58488464355469, 199.26556396484375, 537.5299072265625, 371.30023193359375], [108.58488464355469, 199.26556396484375, 537.5299072265625, 371.30023193359375], [108.58488464355469, 199.26556396484375, 537.5299072265625, 371.30023193359375], [108.58488464355469, 199.26556396484375, 537.5299072265625, 371.30023193359375], [109.9044418334961, 85.87629699707031, 218.4950714111328, 161.17254638671875], [311.0603942871094, 202.9641876220703, 536.2926025390625, 365.0816955566406], [311.0603942871094, 202.9641876220703, 536.2926025390625, 365.0816955566406], [311.0603942871094, 202.9641876220703, 536.2926025390625, 365.0816955566406], [311.0603942871094, 202.9641876220703, 536.2926025390625, 365.0816955566406], [292.9759826660156, 333.0610046386719, 622.0885620117188, 593.2801513671875], [117.7004623413086, 73.15005493164062, 479.0316162109375, 376.0793151855469], [117.7004623413086, 73.15005493164062, 479.0316162109375, 376.0793151855469], [117.7004623413086, 73.15005493164062, 479.0316162109375, 376.0793151855469], [153.17977905273438, 467.10272216796875, 592.228271484375, 599.1082763671875], [153.17977905273438, 467.10272216796875, 592.228271484375, 599.1082763671875], [408.0504150390625, 190.17950439453125, 749.6691284179688, 300.6015930175781], [391.72174072265625, 197.1885986328125, 532.8442993164062, 372.23846435546875], [391.72174072265625, 197.1885986328125, 532.8442993164062, 372.23846435546875], [2.419252872467041, 6.171720504760742, 226.20050048828125, 191.36961364746094], 