{"labels": [7, 8, 14, 7, 7, 8, 19, 19, 7, 8, 17, 7, 8, 14, 17, 8, 14, 17, 8, 17, 7, 8, 19, 7, 19, 7, 17, 8, 7, 8, 14, 17, 8, 10, 17, 19, 4, 8, 10, 14, 17, 19, 7, 8, 17, 6, 7, 8, 10, 14, 17, 19, 7, 8, 17, 8, 14, 17, 19, 14, 7, 7, 8, 17, 7, 7, 7, 14, 14, 7, 11, 16, 17, 14, 19, 17, 0, 2, 7, 8, 11, 14, 16, 17, 19, 7, 7, 8, 10, 11, 14, 17, 8, 10, 14, 17, 19, 14, 14, 19], "scores": [0.016819773241877556, 0.01933521404862404, 0.03792675584554672, 0.03300868347287178, 0.018192101269960403, 0.04178589954972267, 0.02677028812468052, 0.01857147365808487, 0.047062091529369354, 0.01965785212814808, 0.02234487235546112, 0.021381385624408722, 0.056367889046669006, 0.034887026995420456, 0.04189484938979149, 0.02992318384349346, 0.022626575082540512, 0.028306512162089348, 0.03600635379552841, 0.023124072700738907, 0.030479861423373222, 0.017688121646642685, 0.023731840774416924, 0.017803965136408806, 0.016921639442443848, 0.061750784516334534, 0.016360396519303322, 0.0155082568526268, 0.03531273081898689, 0.021574534475803375, 0.052538927644491196, 0.021107923239469528, 0.08416784554719925, 0.020059319213032722, 0.018663115799427032, 0.021357104182243347, 0.017019571736454964, 0.129911869764328, 0.016867512837052345, 0.051966212689876556, 0.024972010403871536, 0.030801044777035713, 0.02285134047269821, 0.016114557161927223, 0.016396747902035713, 0.028699299320578575, 0.022394979372620583, 0.20426896214485168, 0.022850951179862022, 0.2721399962902069, 0.10598542541265488, 0.03010946325957775, 0.0223039910197258, 0.017758842557668686, 0.022233206778764725, 0.026920640841126442, 0.0402284599840641, 0.02478613518178463, 0.019085736945271492, 0.08656303584575653, 0.018612265586853027, 0.02150334045290947, 0.023075392469763756, 0.02685472182929516, 0.01805003546178341, 0.01775774545967579, 0.019732821732759476, 0.023234104737639427, 0.015739422291517258, 0.1842099279165268, 0.027446210384368896, 0.021321527659893036, 0.037079911679029465, 0.11818572133779526, 0.01557137817144394, 0.017716871574521065, 0.01641220599412918, 0.04013478755950928, 0.3028147220611572, 0.1036963164806366, 0.1362515091896057, 0.1587241291999817, 0.024704795330762863, 0.19282442331314087, 0.01981653831899166, 0.015892939642071724, 0.036345820873975754, 0.06931471079587936, 0.023968949913978577, 0.017515964806079865, 0.022627998143434525, 0.08428265154361725, 0.11838959902524948, 0.01996813341975212, 0.04178612306714058, 0.03471685200929642, 0.02598455920815468, 0.018733931705355644, 0.03910965472459793, 0.015423494391143322], "bboxes": [[249.561767578125, 441.50592041015625, 1073.6654052734375, 1687.5030517578125], [249.561767578125, 441.50592041015625, 1073.6654052734375, 1687.5030517578125], [249.561767578125, 441.50592041015625, 1073.6654052734375, 1687.5030517578125], [404.2937927246094, 824.0392456054688, 1071.829833984375, 1227.4818115234375], [240.5674285888672, 927.29833984375, 1064.468017578125, 1703.6038818359375], [5.231604099273682, 1129.401123046875, 272.0353088378906, 1690.023193359375], [5.231604099273682, 1129.401123046875, 272.0353088378906, 1690.023193359375], [4.144457817077637, 302.6272277832031, 470.13037109375, 1540.7713623046875], [233.72665405273438, 824.2205810546875, 1115.814697265625, 1703.9190673828125], [233.72665405273438, 824.2205810546875, 1115.814697265625, 1703.9190673828125], [233.72665405273438, 824.2205810546875, 1115.814697265625, 1703.9190673828125], [1.9524414539337158, 784.2127685546875, 1123.2789306640625, 1709.2655029296875], [1.9524414539337158, 784.2127685546875, 1123.2789306640625, 1709.2655029296875], [1.9524414539337158, 784.2127685546875, 1123.2789306640625, 1709.2655029296875], [1.9524414539337158, 784.2127685546875, 1123.2789306640625, 1709.2655029296875], [163.79214477539062, 639.9989013671875, 1268.019287109375, 1704.4049072265625], [163.79214477539062, 639.9989013671875, 1268.019287109375, 1704.4049072265625], [163.79214477539062, 639.9989013671875, 1268.019287109375, 1704.4049072265625], [-7.647119045257568, 1034.38671875, 1126.506103515625, 1695.9296875], [-7.647119045257568, 1034.38671875, 1126.506103515625, 1695.9296875], [385.07769775390625, 837.7123413085938, 1082.051025390625, 1182.8778076171875], [169.62026977539062, 951.240478515625, 538.4764404296875, 1248.505859375], [169.62026977539062, 951.240478515625, 538.4764404296875, 1248.505859375], [552.8768310546875, 567.799560546875, 983.46533203125, 1146.477294921875], [635.4156494140625, 148.19656372070312, 1044.146728515625, 738.22216796875], [427.16973876953125, 828.9127807617188, 1161.965087890625, 1283.5009765625], [427.16973876953125, 828.9127807617188, 1161.965087890625, 1283.5009765625], [824.2619018554688, 1118.67919921875, 1283.0982666015625, 1702.321044921875], [379.1138916015625, 351.82769775390625, 1057.2421875, 1684.9921875], [379.1138916015625, 351.82769775390625, 1057.2421875, 1684.9921875], [379.1138916015625, 351.82769775390625, 1057.2421875, 1684.9921875], [379.1138916015625, 351.82769775390625, 1057.2421875, 1684.9921875], [-16.376001358032227, 1092.654541015625, 456.58905029296875, 1704.5325927734375], [-16.376001358032227, 1092.654541015625, 456.58905029296875, 1704.5325927734375], [-16.376001358032227, 1092.654541015625, 456.58905029296875, 1704.5325927734375], [-16.376001358032227, 1092.654541015625, 456.58905029296875, 1704.5325927734375], [-2.432568311691284, 783.3154907226562, 585.404541015625, 1687.9111328125], [-2.432568311691284, 783.3154907226562, 585.404541015625, 1687.9111328125], [-2.432568311691284, 783.3154907226562, 585.404541015625, 1687.9111328125], [-2.432568311691284, 783.3154907226562, 585.404541015625, 1687.9111328125], [-2.432568311691284, 783.3154907226562, 585.404541015625, 1687.9111328125], [-2.432568311691284, 783.3154907226562, 585.404541015625, 1687.9111328125], [175.88003540039062, 820.397705078125, 1128.5345458984375, 1700.2698974609375], [175.88003540039062, 820.397705078125, 1128.5345458984375, 1700.2698974609375], [175.88003540039062, 820.397705078125, 1128.5345458984375, 1700.2698974609375], [26.29541015625, 362.0055236816406, 1277.469482421875, 1696.5257568359375], [26.29541015625, 362.0055236816406, 1277.469482421875, 1696.5257568359375], [26.29541015625, 362.0055236816406, 1277.469482421875, 1696.5257568359375], [26.29541015625, 362.0055236816406, 1277.469482421875, 1696.5257568359375], [26.29541015625, 362.0055236816406, 1277.469482421875, 1696.5257568359375], [26.29541015625, 362.0055236816406, 1277.469482421875, 1696.5257568359375], [26.29541015625, 362.0055236816406, 1277.469482421875, 1696.5257568359375], [279.0310974121094, 813.8017578125, 1272.4556884765625, 1690.3421630859375], [279.0310974121094, 813.8017578125, 1272.4556884765625, 1690.3421630859375], [279.0310974121094, 813.8017578125, 1272.4556884765625, 1690.3421630859375], [110.6419448852539, 329.1939697265625, 1075.1224365234375, 1239.770751953125], [110.6419448852539, 329.1939697265625, 1075.1224365234375, 1239.770751953125], [110.6419448852539, 329.1939697265625, 1075.1224365234375, 1239.770751953125], [110.6419448852539, 329.1939697265625, 1075.1224365234375, 1239.770751953125], [479.3236389160156, 573.5143432617188, 888.3069458007812, 972.6674194335938], [456.36309814453125, 320.1330261230469, 1061.4080810546875, 1439.2100830078125], [189.03524780273438, 811.2665405273438, 1274.903564453125, 1707.954833984375], [189.03524780273438, 811.2665405273438, 1274.903564453125, 1707.954833984375], [189.03524780273438, 811.2665405273438, 1274.903564453125, 1707.954833984375], [175.7252960205078, 879.8473510742188, 1094.699462890625, 1712.7886962890625], [251.6702117919922, 1101.004150390625, 1099.1947021484375, 1704.350830078125], [496.2520446777344, 578.6532592773438, 912.0447998046875, 1137.0723876953125], [496.2520446777344, 578.6532592773438, 912.0447998046875, 1137.0723876953125], [5.569195747375488, 810.11181640625, 142.61376953125, 1021.5974731445312], [400.1149597167969, 820.420654296875, 1076.827880859375, 1705.169677734375], [400.1149597167969, 