{"labels": [1, 14, 13, 8], "scores": [0.9975468516349792, 0.9488199353218079, 0.07291007041931152, 0.051744699478149414], "bboxes": [[248.12030029296875, 193.1541748046875, 404.1212463378906, 315.2857666015625], [276.4520568847656, 165.27679443359375, 363.77398681640625, 291.9632263183594], [256.76361083984375, 180.5934295654297, 390.2790222167969, 304.6584777832031], [262.3871765136719, 178.04734802246094, 369.11474609375, 302.78924560546875]]}