{"labels": [7, 11], "scores": [0.9791227579116821, 0.27668556571006775], "bboxes": [[165.44549560546875, 85.035400390625, 398.005126953125, 338.2518005371094], [168.20953369140625, 83.24446105957031, 403.79010009765625, 338.7837829589844]]}