{"labels": [14], "scores": [0.9981825351715088], "bboxes": [[38.63389587402344, 76.0618667602539, 466.80096435546875, 375.0]]}