{"labels": [0], "scores": [0.9991433620452881], "bboxes": [[131.5231170654297, 152.3192138671875, 484.9253234863281, 280.14599609375]]}