{"labels": [0, 2, 13, 14, 0, 0, 2, 14, 0, 2, 14, 0, 2, 14, 0, 0, 0, 2, 0, 2, 13, 14, 0, 2, 14, 0, 0, 14, 0, 14, 0, 1, 2, 11, 12, 13, 14, 0, 0, 0, 2, 14, 0, 0, 0, 1, 2, 3, 7, 9, 10, 11, 12, 13, 18, 0, 2, 13, 14, 0, 0, 2, 0, 0, 0, 14, 0, 14, 0, 0, 0, 2, 14, 0, 2, 13, 14, 0, 0, 0, 2, 14, 0, 0, 14, 0, 14, 0, 0, 0, 0, 2, 13, 0, 2, 14, 0, 2, 14, 9], "scores": [0.05359384045004845, 0.012899661436676979, 0.011714480817317963, 0.012821672484278679, 0.012269795872271061, 0.02113734371960163, 0.01175511535257101, 0.014059661887586117, 0.022545551881194115, 0.012497334741055965, 0.011738822795450687, 0.031709782779216766, 0.012099565006792545, 0.012267322279512882, 0.01988149993121624, 0.03687625005841255, 0.028786519542336464, 0.013049444183707237, 0.04863499850034714, 0.019815051928162575, 0.018169116228818893, 0.013599864207208157, 0.037048935890197754, 0.01429180521517992, 0.013550850562751293, 0.016878824681043625, 0.014996818266808987, 0.013155857101082802, 0.03972518444061279, 0.012917165644466877, 0.08706165105104446, 0.017091812565922737, 0.026209088042378426, 0.014817705377936363, 0.012749274261295795, 0.03327584266662598, 0.025240877643227577, 0.013883642852306366, 0.012396587058901787, 0.03624052554368973, 0.014936915598809719, 0.011641912162303925, 0.013735639862716198, 0.034610603004693985, 0.9170051217079163, 0.03275012597441673, 0.04814506322145462, 0.023794136941432953, 0.018035082146525383, 0.033930160105228424, 0.014288573525846004, 0.021944653242826462, 0.0390341617166996, 0.0436253696680069, 0.05107858031988144, 0.053099215030670166, 0.014027322642505169, 0.01337891910225153, 0.01172807440161705, 0.032182641327381134, 0.05079291760921478, 0.013030157424509525, 0.023927615955471992, 0.01318121887743473, 0.016847804188728333, 0.014185335487127304, 0.014922182075679302, 0.013793638907372952, 0.013074414804577827, 0.02207336761057377, 0.022435180842876434, 0.01454019732773304, 0.012785756960511208, 0.05593087896704674, 0.018356766551733017, 0.024502132087945938, 0.014858441427350044, 0.02746528945863247, 0.017662225291132927, 0.02411806210875511, 0.014353298582136631, 0.016136731952428818, 0.022854410111904144, 0.0179094597697258, 0.011539669707417488, 0.03190666064620018, 0.01580614037811756, 0.024120254442095757, 0.03271184861660004, 0.018459971994161606, 0.05149548128247261, 0.013063289225101471, 0.012340323999524117, 0.0237558763474226, 0.012342672795057297, 0.01628178358078003, 0.04662591218948364, 0.013472825288772583, 0.012461014091968536, 0.011514057405292988], "bboxes": [[132.19346618652344, 151.64906311035156, 475.352294921875, 275.7540588378906], [132.19346618652344, 151.64906311035156, 475.352294921875, 275.7540588378906], [132.19346618652344, 151.64906311035156, 475.352294921875, 275.7540588378906], [132.19346618652344, 151.64906311035156, 475.352294921875, 275.7540588378906], [10.425313949584961, 187.91551208496094, 222.08677673339844, 245.29490661621094], [149.91571044921875, 153.94796752929688, 319.6341857910156, 252.1769256591797], [149.91571044921875, 153.94796752929688, 319.6341857910156, 252.1769256591797], [149.91571044921875, 153.94796752929688, 319.6341857910156, 252.1769256591797], [119.81178283691406, 153.44961547851562, 390.00616455078125, 279.7102966308594], [119.81178283691406, 153.44961547851562, 390.00616455078125, 279.7102966308594], [119.81178283691406, 153.44961547851562, 390.00616455078125, 279.7102966308594], [149.73968505859375, 149.9893341064453, 456.7318115234375, 279.33380126953125], [149.73968505859375, 149.9893341064453, 456.7318115234375, 279.33380126953125], [149.73968505859375, 149.9893341064453, 456.7318115234375, 279.33380126953125], [9.580531120300293, 153.23532104492188, 401.25848388671875, 277.9732971191406], [114.13286590576172, 154.6339111328125, 484.80633544921875, 279.49188232421875], [7.353992462158203, 158.28219604492188, 361.5308837890625, 271.7568054199219], [7.353992462158203, 158.28219604492188, 361.5308837890625, 271.7568054199219], [133.7804718017578, 150.74514770507812, 329.6441955566406, 282.1446533203125], [133.7804718017578, 150.74514770507812, 329.6441955566406, 282.1446533203125], [133.7804718017578, 150.74514770507812, 329.6441955566406, 282.1446533203125], [133.7804718017578, 150.74514770507812, 329.6441955566406, 282.1446533203125], [2.876288890838623, 177.84707641601562, 289.6602478027344, 255.4129180908203], [2.876288890838623, 177.84707641601562, 289.6602478027344, 255.4129180908203], [2.876288890838623, 177.84707641601562, 289.6602478027344, 255.4129180908203], [197.0654296875, 152.2146453857422, 310.4364929199219, 242.9490203857422], [172.33401489257812, 151.01739501953125, 338.5729064941406, 252.6041717529297], [172.33401489257812, 151.01739501953125, 338.5729064941406, 252.6041717529297], [146.87274169921875, 155.3899383544922, 475.9449462890625, 258.6619873046875], [146.87274169921875, 155.3899383544922, 475.9449462890625, 258.6619873046875], [141.8935546875, 150.92637634277344, 342.02197265625, 283.124755859375], [141.8935546875, 150.92637634277344, 342.02197265625, 283.124755859375], [141.8935546875, 150.92637634277344, 342.02197265625, 283.124755859375], [141.8935546875, 150.92637634277344, 342.02197265625, 283.124755859375], [141.8935546875, 150.92637634277344, 342.02197265625, 283.124755859375], [141.8935546875, 150.92637634277344, 342.02197265625, 283.124755859375], [141.8935546875, 150.92637634277344, 342.02197265625, 283.124755859375], [124.87876892089844, 154.02920532226562, 381.525146484375, 262.32940673828125], [7.819149494171143, 182.4053955078125, 284.3021545410156, 262.5304870605469], [6.274565696716309, 155.9525146484375, 377.0299377441406, 281.7336120605469], [6.274565696716309, 155.9525146484375, 377.0299377441406, 281.7336120605469], [6.274565696716309, 155.9525146484375, 377.0299377441406, 281.7336120605469], [120.14949035644531, 151.96058654785156, 413.44818115234375, 269.1396179199219], [187.75338745117188, 171.9807891845703, 479.4361572265625, 250.2711181640625], [3.7168807983398438, 153.0377655029297, 490.4504699707031, 278.8465576171875], [3.7168807983398438, 153.0377655029297, 490.4504699707031, 278.8465576171875], [3.7168807983398438, 153.0377655029297, 490.4504699707031, 278.8465576171875], [3.7168807983398438, 153.0377655029297, 490.4504699707031, 278.8465576171875], [3.7168807983398438, 153.0377655029297, 490.4504699707031, 278.8465576171875], [3.7168807983398438, 153.0377655029297, 490.4504699707031, 278.8465576171875], [3.7168807983398438, 153.0377655029297, 490.4504699707031, 278.8465576171875], [3.7168807983398438, 153.0377655029297, 490.4504699707031, 278.8465576171875], [3.7168807983398438, 153.0377655029297, 490.4504699707031, 278.8465576171875], [3.7168807983398438, 153.0377655029297, 490.4504699707031, 278.8465576171875], [3.7168807983398438, 153.0377655029297, 490.4504699707031, 278.8465576171875], [147.6833038330078, 158.98867797851562, 477.2035827636719, 265.2568664550781], [147.6833038330078, 158.98867797851562, 477.2035827636719, 265.2568664550781], [147.6833038330078, 158.98867797851562, 477.2035827636719, 265.2568664550781], [147.6833038330078, 158.98867797851562, 477.2035827636719, 265.2568664550781], [126.38577270507812, 151.41851806640625, 445.79510498046875, 278.65972900390625], [171.57310485839844, 151.90255737304688, 475.81005859375, 257.97161865234375], [171.57310485839844, 151.90255737304688, 475.81005859375, 257.97161865234375], [6.038847923278809, 152.54605102539062, 489.55615234375, 277.6435241699219], [214.55477905273438, 165.61517333984375, 433.2963562011719, 249.9637908935547], [158.5111541748047, 158.8831024169922, 305.83551025390625, 250.8530731201172], [158.5111541748047, 158.8831024169922, 305.83551025390625, 250.8530731201172], [143.8498077392578, 151.08168029785156, 370.4226989746094, 247.257568359375], [143.8498077392578, 151.08168029785156, 370.4226989746094, 247.257568359375], [192.7068328857422, 156.0841827392578, 310.0228576660156, 243.16329956054688], [124.45680236816406, 153.69064331054688, 