{"labels": [6, 18, 19, 18, 7, 18, 7, 18, 19, 19, 18, 7, 18, 18, 19, 7, 18, 6, 18, 19, 18, 7, 18, 18, 18, 3, 4, 5, 6, 15, 18, 19, 7, 18, 7, 18, 18, 18, 7, 18, 6, 7, 18, 7, 18, 7, 18, 4, 15, 7, 18, 6, 7, 18, 18, 18, 7, 18, 18, 7, 18, 6, 18, 19, 7, 18, 18, 7, 18, 7, 18, 7, 18, 7, 18, 4, 19, 18, 0, 2, 5, 6, 7, 9, 11, 12, 14, 16, 17, 18, 18, 18, 18, 18, 18, 7, 18, 18, 18, 7], "scores": [0.007058098912239075, 0.011221559718251228, 0.006904907058924437, 0.008302847854793072, 0.00800715945661068, 0.009059556759893894, 0.006796250585466623, 0.010023355484008789, 0.007279559969902039, 0.010606327094137669, 0.009600752964615822, 0.010873047634959221, 0.01111277099698782, 0.011531572788953781, 0.0070596360601484776, 0.008888880722224712, 0.008940012194216251, 0.007491046097129583, 0.010050793178379536, 0.008311564102768898, 0.009150600992143154, 0.006854403298348188, 0.008958518505096436, 0.00855212938040495, 0.008299553766846657, 0.012059777043759823, 0.019083211198449135, 0.008324488997459412, 0.0073219286277890205, 0.016515569761395454, 0.012038281187415123, 0.026927687227725983, 0.010397314094007015, 0.0107553256675601, 0.007921754382550716, 0.011216777376830578, 0.006796511355787516, 0.007491202559322119, 0.008646883070468903, 0.00902923010289669, 0.006885462906211615, 0.008654079400002956, 0.011101342737674713, 0.00889114011079073, 0.01204683631658554, 0.006876606494188309, 0.009649546816945076, 0.008532010950148106, 0.0068641845136880875, 0.009187002666294575, 0.009203128516674042, 0.0068814633414149284, 0.009056641720235348, 0.011770791374146938, 0.006936920341104269, 0.008067377842962742, 0.007787404581904411, 0.010469229891896248, 0.008377252146601677, 0.008960127830505371, 0.008896949701011181, 0.007293460890650749, 0.008833792060613632, 0.008397931233048439, 0.009163926355540752, 0.008151679299771786, 0.00808898825198412, 0.007437367457896471, 0.00829289574176073, 0.008046098053455353, 0.009124736301600933, 0.010207440704107285, 0.009446332231163979, 0.007877709344029427, 0.00949266366660595, 0.007004694081842899, 0.007232373580336571, 0.009184450842440128, 0.009276975877583027, 0.023490773513913155, 0.013892002403736115, 0.032839059829711914, 0.810955286026001, 0.012204768136143684, 0.05929455906152725, 0.02965679205954075, 0.03165901452302933, 0.07753532379865646, 0.019128425046801567, 0.024288790300488472, 0.008068988099694252, 0.0072967070154845715, 0.007503248751163483, 0.011086966842412949, 0.008759946562349796, 0.007235449273139238, 0.009216172620654106, 0.0071362582966685295, 0.009658907540142536, 0.006786125246435404], "bboxes": [[94.79518127441406, 88.82323455810547, 410.5628967285156, 343.3017272949219], [94.79518127441406, 88.82323455810547, 410.5628967285156, 343.3017272949219], [94.79518127441406, 88.82323455810547, 410.5628967285156, 343.3017272949219], [178.196044921875, 120.60663604736328, 327.7640380859375, 205.85675048828125], [159.29832458496094, 184.51358032226562, 347.0210266113281, 325.3006286621094], [119.74850463867188, 87.65576934814453, 362.9196472167969, 244.016357421875], [91.05243682861328, 85.2834243774414, 389.39703369140625, 298.5904846191406], [91.05243682861328, 85.2834243774414, 389.39703369140625, 298.5904846191406], [91.05243682861328, 85.2834243774414, 389.39703369140625, 298.5904846191406], [22.56581687927246, -11.748327255249023, 154.26406860351562, 328.61297607421875], [122.35289764404297, 88.05500030517578, 289.044189453125, 257.3388671875], [157.06365966796875, 97.76563262939453, 403.095947265625, 345.1404724121094], [157.06365966796875, 97.76563262939453, 403.095947265625, 345.1404724121094], [86.80326843261719, 89.52521514892578, 430.1422119140625, 344.6026916503906], [86.80326843261719, 89.52521514892578, 430.1422119140625, 344.6026916503906], [173.2591552734375, 102.22998046875, 398.73114013671875, 341.3646545410156], [173.2591552734375, 102.22998046875, 398.73114013671875, 341.3646545410156], [34.3251838684082, 188.323486328125, 401.8376159667969, 336.786865234375], [34.3251838684082, 188.323486328125, 401.8376159667969, 336.786865234375], [34.3251838684082, 188.323486328125, 401.8376159667969, 336.786865234375], [133.71778869628906, 86.2840576171875, 285.3262939453125, 225.69775390625], [84.8598403930664, 87.39196014404297, 383.32861328125, 268.6824645996094], [84.8598403930664, 87.39196014404297, 383.32861328125, 268.6824645996094], [119.489501953125, 94.25725555419922, 369.2272644042969, 218.82015991210938], [54.09292221069336, 136.60226440429688, 488.30194091796875, 275.273193359375], [361.6705322265625, 195.50315856933594, 500.6256408691406, 337.1801452636719], [361.6705322265625, 195.50315856933594, 500.6256408691406, 337.1801452636719], [361.6705322265625, 195.50315856933594, 500.6256408691406, 337.1801452636719], [361.6705322265625, 195.50315856933594, 500.6256408691406, 337.1801452636719], [361.6705322265625, 195.50315856933594, 500.6256408691406, 337.1801452636719], [361.6705322265625, 195.50315856933594, 500.6256408691406, 337.1801452636719], [361.6705322265625, 195.50315856933594, 500.6256408691406, 337.1801452636719], [169.97682189941406, 83.40718078613281, 376.9761047363281, 348.1323547363281], [169.97682189941406, 83.40718078613281, 376.9761047363281, 348.1323547363281], [142.0391082763672, 86.64287567138672, 379.49005126953125, 271.2461242675781], [142.0391082763672, 86.64287567138672, 379.49005126953125, 271.2461242675781], [-14.03032398223877, 263.85284423828125, 158.86309814453125, 340.2856750488281], [99.53125762939453, 82.0307846069336, 308.9761657714844, 268.197509765625], [152.41773986816406, 90.92997741699219, 272.8547668457031, 217.03993225097656], [152.41773986816406, 90.92997741699219, 272.8547668457031, 217.03993225097656], [125.9410400390625, 95.7126693725586, 397.81390380859375, 346.6399230957031], [125.9410400390625, 95.7126693725586, 397.81390380859375, 346.6399230957031], [125.9410400390625, 95.7126693725586, 397.81390380859375, 346.6399230957031], [122.90757751464844, 85.81119537353516, 390.74884033203125, 348.2549133300781], [122.90757751464844, 85.81119537353516, 390.74884033203125, 348.2549133300781], [133.0730743408203, 88.11736297607422, 306.3261413574219, 263.408447265625], [133.0730743408203, 88.11736297607422, 306.3261413574219, 263.408447265625], [345.226806640625, 199.4481201171875, 505.6115417480469, 325.9456481933594], [345.226806640625, 199.4481201171875, 505.6115417480469, 325.9456481933594], [166.9844207763672, 168.02716064453125, 405.2074890136719, 336.3634033203125], [166.9844207763672, 168.02716064453125, 405.2074890136719, 336.3634033203125], [136.18951416015625, 86.60342407226562, 378.2398376464844, 274.28466796875], [136.18951416015625, 86.60342407226562, 378.2398376464844, 274.28466796875], [136.18951416015625, 86.60342407226562, 378.2398376464844, 274.28466796875], [-14.29149055480957, -10.241565704345703, 297.4024658203125, 121.78251647949219], [84.90991973876953, 84.39860534667969, 376.7303771972656, 263.3266906738281], [121.03934478759766, 90.81398010253906, 364.60321044921875, 254.34979248046875], [121.03934478759766, 90.81398010253906, 364.60321044921875, 254.34979248046875], [71.51219940185547, 85.11402893066406, 395.8303527832031, 264.5463562011719], [175.1193084716797, 151.7889404296875, 420.407470703125, 345.8581848144531], [175.1193084716797, 151.7889404296875, 420.407470703125, 345.8581848144531], [-18.300779342651367, -1.4860782623291016, 310.4624938964844, 261.1224365234375], [-18.300779342651367, -1.4860782623291016, 310.4624938964844, 261.1224365234375], [-18.300779342651367, -1.4860782623291016, 310.4624938964844, 261.1224365234375], [170.32032775878906, 189.64791870117188, 439.9054260253906, 340.76055908203125], [170.32032775878906, 189.64791870117188, 439.9054260253906, 340.76055908203125], [82.01883697509766, 87.29913330078125, 393.4073791503906, 258.7476501464844], [174.62635803222656, 156.24525451660156, 321.20062255859375, 290.203125], [152.17257690429688, 139.44700622558594, 367.28863525390625, 209.82460021972656], 