{"labels": [2, 4, 7, 8, 11, 14, 17, 19, 7, 14, 19, 2, 8, 14, 2, 7, 8, 11, 14, 17, 8, 19, 6, 7, 8, 10, 14, 15, 17, 19, 7, 14, 8, 14, 19, 1, 2, 4, 6, 7, 8, 10, 11, 12, 14, 15, 17, 19, 7, 8, 10, 14, 15, 17, 19, 7, 8, 14, 17, 19, 7, 8, 10, 14, 17, 19, 19, 7, 14, 19, 7, 19, 7, 8, 10, 14, 15, 17, 19, 2, 6, 7, 8, 11, 14, 17, 14, 19, 2, 7, 8, 11, 14, 17, 14, 7, 8, 14, 17, 4], "scores": [0.01752179116010666, 0.010982170701026917, 0.023300472646951675, 0.044815510511398315, 0.02052871324121952, 0.14629130065441132, 0.018902987241744995, 0.011253667064011097, 0.014258503913879395, 0.014095379039645195, 0.013455837033689022, 0.013971847482025623, 0.0225553996860981, 0.07944396883249283, 0.019760731607675552, 0.023271653801202774, 0.04497802257537842, 0.031543660908937454, 0.23092129826545715, 0.017042577266693115, 0.011310127563774586, 0.011445482261478901, 0.013015465810894966, 0.03182394430041313, 0.027745913714170456, 0.02605007402598858, 0.02289528399705887, 0.011551314033567905, 0.05433086305856705, 0.02243194915354252, 0.012254992499947548, 0.014016346074640751, 0.014941919595003128, 0.04307503253221512, 0.01437164656817913, 0.015664884820580482, 0.03779047355055809, 0.0172391589730978, 0.012997928075492382, 0.023273339495062828, 0.17814558744430542, 0.016077494248747826, 0.04709077626466751, 0.01917487196624279, 0.503892719745636, 0.01536533422768116, 0.1720767766237259, 0.017176363617181778, 0.021725447848439217, 0.016224540770053864, 0.012954743579030037, 0.023203948512673378, 0.011503484100103378, 0.01735525019466877, 0.020124904811382294, 0.011252903379499912, 0.019580764696002007, 0.018844330683350563, 0.012177900411188602, 0.010933618992567062, 0.018518000841140747, 0.0175920482724905, 0.017457962036132812, 0.018461184576153755, 0.02803117409348488, 0.018029645085334778, 0.013502608053386211, 0.01408832985907793, 0.011703930795192719, 0.016086827963590622, 0.013035057112574577, 0.013388325460255146, 0.031165605410933495, 0.02234056033194065, 0.018688486889004707, 0.020893266424536705, 0.010857226327061653, 0.028551597148180008, 0.016220910474658012, 0.018072940409183502, 0.011281444691121578, 0.022237539291381836, 0.044239699840545654, 0.01881152018904686, 0.29381921887397766, 0.01966102607548237, 0.020543690770864487, 0.01199553906917572, 0.019327674061059952, 0.02036481536924839, 0.04011312872171402, 0.02152874879539013, 0.26910945773124695, 0.015085460618138313, 0.013794852420687675, 0.019254494458436966, 0.013629083521664143, 0.02173943817615509, 0.012189446948468685, 0.010820673778653145], "bboxes": [[151.7765350341797, -1.1864374876022339, 502.73284912109375, 376.79150390625], [151.7765350341797, -1.1864374876022339, 502.73284912109375, 376.79150390625], [151.7765350341797, -1.1864374876022339, 502.73284912109375, 376.79150390625], [151.7765350341797, -1.1864374876022339, 502.73284912109375, 376.79150390625], [151.7765350341797, -1.1864374876022339, 502.73284912109375, 376.79150390625], [151.7765350341797, -1.1864374876022339, 502.73284912109375, 376.79150390625], [151.7765350341797, -1.1864374876022339, 502.73284912109375, 376.79150390625], [151.7765350341797, -1.1864374876022339, 502.73284912109375, 376.79150390625], [-15.334882736206055, -0.736813485622406, 309.7563781738281, 260.8914489746094], [-15.334882736206055, -0.736813485622406, 309.7563781738281, 260.8914489746094], [-15.334882736206055, -0.736813485622406, 309.7563781738281, 260.8914489746094], [1.6584601402282715, 1.237892985343933, 401.4164733886719, 373.9648742675781], [1.6584601402282715, 1.237892985343933, 401.4164733886719, 373.9648742675781], [1.6584601402282715, 1.237892985343933, 401.4164733886719, 373.9648742675781], [89.36014556884766, 0.4278659522533417, 504.44146728515625, 374.4225769042969], [89.36014556884766, 0.4278659522533417, 504.44146728515625, 374.4225769042969], [89.36014556884766, 0.4278659522533417, 504.44146728515625, 374.4225769042969], [89.36014556884766, 0.4278659522533417, 504.44146728515625, 374.4225769042969], [89.36014556884766, 0.4278659522533417, 504.44146728515625, 374.4225769042969], [89.36014556884766, 0.4278659522533417, 504.44146728515625, 374.4225769042969], [65.53755187988281, 198.3014678955078, 411.2507019042969, 372.2379150390625], [65.53755187988281, 198.3014678955078, 411.2507019042969, 372.2379150390625], [-9.658312797546387, 2.1978092193603516, 510.8193359375, 175.3775177001953], [-9.658312797546387, 2.1978092193603516, 510.8193359375, 175.3775177001953], [-9.658312797546387, 2.1978092193603516, 510.8193359375, 175.3775177001953], [-9.658312797546387, 2.1978092193603516, 510.8193359375, 175.3775177001953], [-9.658312797546387, 2.1978092193603516, 510.8193359375, 175.3775177001953], [-9.658312797546387, 2.1978092193603516, 510.8193359375, 175.3775177001953], [-9.658312797546387, 2.1978092193603516, 510.8193359375, 175.3775177001953], [-9.658312797546387, 2.1978092193603516, 510.8193359375, 175.3775177001953], [99.77780151367188, 93.51530456542969, 405.5775451660156, 377.7352294921875], [99.77780151367188, 93.51530456542969, 405.5775451660156, 377.7352294921875], [66.45951843261719, 94.34848022460938, 355.0073547363281, 374.99334716796875], [66.45951843261719, 94.34848022460938, 355.0073547363281, 374.99334716796875], [67.49292755126953, 218.95498657226562, 460.8907470703125, 371.4790344238281], [-0.26190200448036194, -0.08687495440244675, 507.01702880859375, 374.71661376953125], [-0.26190200448036194, -0.08687495440244675, 507.01702880859375, 374.71661376953125], [-0.26190200448036194, -0.08687495440244675, 507.01702880859375, 374.71661376953125], [-0.26190200448036194, -0.08687495440244675, 507.01702880859375, 374.71661376953125], [-0.26190200448036194, -0.08687495440244675, 507.01702880859375, 374.71661376953125], [-0.26190200448036194, -0.08687495440244675, 507.01702880859375, 374.71661376953125], [-0.26190200448036194, -0.08687495440244675, 507.01702880859375, 374.71661376953125], [-0.26190200448036194, -0.08687495440244675, 507.01702880859375, 374.71661376953125], [-0.26190200448036194, -0.08687495440244675, 507.01702880859375, 374.71661376953125], [-0.26190200448036194, -0.08687495440244675, 507.01702880859375, 374.71661376953125], [-0.26190200448036194, -0.08687495440244675, 507.01702880859375, 374.71661376953125], [-0.26190200448036194, -0.08687495440244675, 507.01702880859375, 374.71661376953125], [-0.26190200448036194, -0.08687495440244675, 507.01702880859375, 374.71661376953125], [96.59967041015625, 0.7718324065208435, 509.16302490234375, 277.3600158691406], [96.59967041015625, 0.7718324065208435, 509.16302490234375, 277.3600158691406], [96.59967041015625, 0.7718324065208435, 509.16302490234375, 277.3600158691406], [96.59967041015625, 0.7718324065208435, 509.16302490234375, 277.3600158691406], [96.59967041015625, 0.7718324065208435, 509.16302490234375, 277.3600158691406], [96.59967041015625, 0.7718324065208435, 509.16302490234375, 277.3600158691406], [96.59967041015625, 0.7718324065208435, 509.16302490234375, 277.3600158691406], [103.31055450439453, 144.0153045654297, 499.529541015625, 376.98736572265625], [103.31055450439453, 144.0153045654297, 499.529541015625, 376.98736572265625], [103.31055450439453, 144.0153045654297, 499.529541015625, 376.98736572265625], [103.31055450439453, 144.0153045654297, 499.529541015625, 376.98736572265625], [103.31055450439453, 144.0153045654297, 499.529541015625, 376.98736572265625], [0.1856795847415924, 0.2803659439086914, 384.47882080078125, 282.7803955078125], [0.1856795847415924, 0.2803659439086914, 384.47882080078125, 282.7803955078125], [0.1856795847415924, 0.2803659439086914, 384.47882080078125, 282.7803955078125], [0.1856795847415924, 0.2803659439086914, 384.47882080078125, 282.7803955078125], [0.1856795847415924, 0.2803659439086914, 384.47882080078125, 282.7803955078125], [0.1856795847415924, 0.2803659439086914, 384.47882080078125, 282.7803955078125], [69.91827392578125, 254.79071044921875, 456.5623474121094, 369.30023193359375], [97.49031829833984, 3.275928258895874, 