{"labels": [1, 2, 8, 14, 1, 14, 1, 8, 19, 1, 1, 1, 8, 14, 2, 8, 14, 14, 1, 19, 1, 2, 7, 8, 11, 14, 1, 8, 14, 19, 14, 1, 8, 10, 13, 19, 14, 1, 3, 5, 6, 14, 17, 19, 14, 1, 8, 19, 1, 14, 14, 1, 14, 14, 2, 8, 14, 0, 1, 8, 10, 13, 19, 1, 6, 18, 19, 1, 14, 1, 2, 8, 14, 14, 14, 14, 1, 3, 8, 10, 13, 19, 2, 8, 14, 14, 1, 8, 14, 14, 1, 8, 1, 14, 1, 2, 8, 14, 14, 8], "scores": [0.01474679633975029, 0.035956576466560364, 0.02348930947482586, 0.46096712350845337, 0.049686308950185776, 0.01843854784965515, 0.05104020610451698, 0.011278567835688591, 0.01010918989777565, 0.019533952698111534, 0.08195044845342636, 0.011109720915555954, 0.011269096285104752, 0.012987961061298847, 0.01571279764175415, 0.016543637961149216, 0.15307408571243286, 0.011643842794001102, 0.08331380784511566, 0.011820509098470211, 0.012318752706050873, 0.031239699572324753, 0.011749067343771458, 0.020462747663259506, 0.010238053277134895, 0.36778467893600464, 0.024082539603114128, 0.0111540537327528, 0.013450262136757374, 0.01021463144570589, 0.01336616650223732, 0.28389430046081543, 0.01436015497893095, 0.012061771005392075, 0.01379816047847271, 0.013077177107334137, 0.01200378779321909, 0.012739087454974651, 0.012635004706680775, 0.012174190022051334, 0.017835436388850212, 0.016575990244746208, 0.012546798214316368, 0.011328442022204399, 0.013843473047018051, 0.12218247354030609, 0.013471703976392746, 0.01061019953340292, 0.01664632000029087, 0.013334843330085278, 0.015380672179162502, 0.011394255794584751, 0.010425852611660957, 0.011555850505828857, 0.012104056775569916, 0.011013144627213478, 0.0769985094666481, 0.01274530217051506, 0.3710567355155945, 0.01354957465082407, 0.018427953124046326, 0.016252566128969193, 0.01456364430487156, 0.011990786530077457, 0.011749106459319592, 0.011723190546035767, 0.01023191399872303, 0.033343516290187836, 0.016075080260634422, 0.010400124825537205, 0.011341908015310764, 0.016966426745057106, 0.07830613851547241, 0.00998674239963293, 0.021289724856615067, 0.02164769172668457, 0.3009980618953705, 0.010275500826537609, 0.017766522243618965, 0.013297270983457565, 0.010292871855199337, 0.014074845239520073, 0.02760215848684311, 0.017099376767873764, 0.30548831820487976, 0.013880765065550804, 0.01581183820962906, 0.012886333279311657, 0.01043139398097992, 0.010187855921685696, 0.046707332134246826, 0.014823061414062977, 0.019699182361364365, 0.030267290771007538, 0.030414270237088203, 0.010495858266949654, 0.013788443990051746, 0.079107366502285, 0.018986383453011513, 0.009934654459357262], "bboxes": [[272.90643310546875, 162.1484832763672, 355.2654724121094, 289.50537109375], [272.90643310546875, 162.1484832763672, 355.2654724121094, 289.50537109375], [272.90643310546875, 162.1484832763672, 355.2654724121094, 289.50537109375], [272.90643310546875, 162.1484832763672, 355.2654724121094, 289.50537109375], [255.03567504882812, 201.54336547851562, 400.3812561035156, 321.6708984375], [267.06866455078125, 163.83335876464844, 359.0072021484375, 280.8464050292969], [257.00628662109375, 190.58407592773438, 399.0377502441406, 296.8002624511719], [257.00628662109375, 190.58407592773438, 399.0377502441406, 296.8002624511719], [257.00628662109375, 190.58407592773438, 399.0377502441406, 296.8002624511719], [242.72569274902344, 194.16738891601562, 378.8441162109375, 289.50701904296875], [246.1908416748047, 203.76290893554688, 401.3153381347656, 331.99237060546875], [259.25067138671875, 163.5672149658203, 364.5384521484375, 287.0461730957031], [259.25067138671875, 163.5672149658203, 364.5384521484375, 287.0461730957031], [259.25067138671875, 163.5672149658203, 364.5384521484375, 287.0461730957031], [273.0679626464844, 161.4630889892578, 355.9270324707031, 287.36871337890625], [273.0679626464844, 161.4630889892578, 355.9270324707031, 287.36871337890625], [273.0679626464844, 161.4630889892578, 355.9270324707031, 287.36871337890625], [268.0003967285156, 160.82447814941406, 351.0669860839844, 287.15545654296875], [257.3872985839844, 204.08599853515625, 399.13385009765625, 293.2444763183594], [257.3872985839844, 204.08599853515625, 399.13385009765625, 293.2444763183594], [274.08197021484375, 162.32888793945312, 356.1223449707031, 288.8426818847656], [274.08197021484375, 162.32888793945312, 356.1223449707031, 288.8426818847656], [274.08197021484375, 162.32888793945312, 356.1223449707031, 288.8426818847656], [274.08197021484375, 162.32888793945312, 356.1223449707031, 288.8426818847656], [274.08197021484375, 162.32888793945312, 356.1223449707031, 288.8426818847656], [274.08197021484375, 162.32888793945312, 356.1223449707031, 288.8426818847656], [257.4698486328125, 182.14578247070312, 379.8419494628906, 290.43463134765625], [257.4698486328125, 182.14578247070312, 379.8419494628906, 290.43463134765625], [265.05792236328125, 0.5412957072257996, 492.0785827636719, 300.39666748046875], [265.05792236328125, 0.5412957072257996, 492.0785827636719, 300.39666748046875], [100.47467803955078, 2.0493648052215576, 273.35455322265625, 244.04624938964844], [248.08201599121094, 205.2706756591797, 400.4527587890625, 331.7773132324219], [248.08201599121094, 205.2706756591797, 400.4527587890625, 331.7773132324219], [248.08201599121094, 205.2706756591797, 400.4527587890625, 331.7773132324219], [248.08201599121094, 205.2706756591797, 400.4527587890625, 331.7773132324219], [248.08201599121094, 205.2706756591797, 400.4527587890625, 331.7773132324219], [265.93212890625, 163.8970947265625, 361.24993896484375, 281.19366455078125], [96.98155975341797, 5.212770462036133, 394.8561096191406, 277.81207275390625], [96.98155975341797, 5.212770462036133, 394.8561096191406, 277.81207275390625], [96.98155975341797, 5.212770462036133, 394.8561096191406, 277.81207275390625], [96.98155975341797, 5.212770462036133, 394.8561096191406, 277.81207275390625], [96.98155975341797, 5.212770462036133, 394.8561096191406, 277.81207275390625], [96.98155975341797, 5.212770462036133, 394.8561096191406, 277.81207275390625], [96.98155975341797, 5.212770462036133, 394.8561096191406, 277.81207275390625], [231.4320526123047, 167.1710662841797, 352.9554138183594, 270.27099609375], [249.93423461914062, 203.65728759765625, 400.4588928222656, 330.4114685058594], [249.93423461914062, 203.65728759765625, 400.4588928222656, 330.4114685058594], [249.93423461914062, 203.65728759765625, 400.4588928222656, 330.4114685058594], [284.6550598144531, 196.3770294189453, 430.6260681152344, 312.5540771484375], [263.7752990722656, 163.46556091308594, 358.9134826660156, 269.1285400390625], [268.9446716308594, 163.10350036621094, 353.1517333984375, 286.18359375], [266.09393310546875, 182.79046630859375, 319.1783142089844, 288.79083251953125], [266.09393310546875, 182.79046630859375, 319.1783142089844, 288.79083251953125], [257.5471496582031, 166.88291931152344, 369.1498107910156, 275.8666687011719], [271.4013977050781, 162.6446533203125, 360.11236572265625, 287.3047180175781], [271.4013977050781, 162.6446533203125, 360.11236572265625, 287.3047180175781], [271.4013977050781, 162.6446533203125, 360.11236572265625, 287.3047180175781], [243.82760620117188, 206.37738037109375, 401.4280700683594, 335.4272155761719], [243.82760620117188, 206.37738037109375, 401.4280700683594, 335.4272155761719], [243.82760620117188, 206.37738037109375, 401.4280700683594, 335.4272155761719], [243.82760620117188, 206.37738037109375, 401.4280700683594, 335.4272155761719], [243.82760620117188, 206.37738037109375, 401.4280700683594, 335.4272155761719], [243.82760620117188, 206.37738037109375, 401.4280700683594, 335.4272155761719], [91.49869537353516, 5.8376054763793945, 334.87579345703125, 210.85202026367188], [91.49869537353516, 5.8376054763793945, 334.87579345703125, 210.85202026367188], [91.49869537353516, 5.8376054763793945, 334.87579345703125, 210.85202026367188], [91.49869537353516, 5.8376054763793945, 334.87579345703125, 210.85202026367188], [241.6618194580078, 211.78567504882812, 407.4770812988281, 334.8883972167969], [279.3982238769531, 148.69566345214844, 357.89300537109375, 